Name,AAA_C3,AAA_C6,ALS_C6,Coles,FreshTest_C6,FSANZ_MRL,Indonesia,NMI (2017),PEST06,PEST08,PEST08_C6,Vietnam,Vietnam_(sub)
(E)-Metominostrobin,,,,,,,,,,X,,,
(E)-Pyriminobac-methyl,,,,,,,,,,X,,,
(Z)-Metominostrobin,,,,,,,,,,X,,,
(Z)-Pyriminobac-methyl,,,,,,,,,,X,,,
"1,3-dichloropropene",,,,,,X,,,,,,,
2-Phenylphenol,X,X,X,X,X,X,X,X,X,X,X,,
"2,2-DPA",,,,,,X,,,,,,,
"2,4-D",,,,X,,X,X,,,,,,X
"2,4-DB",,,,,,X,,,,,,,
"2,4-DDT",,,,,,,X,,,,,,
5-Hydroxyimidacloprid,,,,,,,,,,X,X,,
Abamectin,,,X,X,,X,X,,,X,,,X
Acephate,X,X,X,X,X,X,X,X,X,X,X,,
Acequinocyl,,,,,,X,,,,,,,
Acetamiprid,,,,,,X,,X,,X,,,
Acetamiprid-N-desmethyl,,,,,,,,,,X,,,
Acetochlor,,,,,,,,,,X,,,
Acibenzolar acid,,,,,,,,,,X,,,
Acibenzolar-S-methyl,,,,,,X,,,,X,,,
Acifluorfen,,,,,,X,,,,,,,
Acifluorofen,,,,X,,,,,,,,,
Acrinathrin,,,,,,,,,,X,,,
Alachlor,,,,,,,,,,X,,,
Alanycarb,,,,,,,,,,X,,,
Albendazole,,,,,,X,,,,,,,
Albendazole sulphoxide,,,,,,X,,,,,,,
Aldicarb,,X,,X,,X,X,,,X,,,X
Aldicarb (sulphone & sulphoxide),,,,,,,,X,,,,,
Aldicarbsulfoxide,,,,,,,,,,X,,,
Aldoxycarb,,,,,,X,,,,X,,,
Aldrin,X,X,X,X,X,,X,X,,X,X,X,
Aldrin and dieldrin,,,,,,,,,X,,,,
Aliphatic alcohol ethoxylates,,,,,,X,,,,,,,
Allethrin,,,,,,,X,,,,,,
Allidochlor,,,,,,,,,,X,,,
Alpha BHC,,,,X,,,,,,,,,
alpha Cypermethrin,,,,X,,,,,,,,,
alpha Endosulphan,,,,X,,,,,,,,,
Alpha-cypermethrin,,,,,,X,,,,,,,
alpha-Endosulfan,,,,,,,,,,X,X,,
alpha-HCH,,,,,,,,,,X,X,,
Altrenogest,,,,,,X,,,,,,,
Aluminium phosphide,,,,,,X,,,,,,,
Ametoctradin,,,,,,X,,,,X,,,
Ametryn,,,,,,X,,,,X,,,
Aminobenzimidazole-2,,X,,,,,,,,,,,
Aminoethoxyvinylglycine,,,,,,X,,,,,,,
Aminopyralid,,,,,,X,X,,,,,,
Amisulbrom,,,,,,X,,,,,,,
Amitraz,,,,,,X,X,,,,,,
Amitrol,,,,,,,X,,,,,,
Amitrole,,,,,,X,,,,,,,
Amoxycillin,,,,,,X,,,,,,,
AMPA,,,,X,,,,,,,,,
Ampicillin,,,,,,X,,,,,,,
Amprolium,,,,,,X,,,,,,,
Anilofos,,,,,,,,,,X,,,
Anthraquinone,,,,,,,,,,X,,,
Apramycin,,,,,,X,,,,,,,
Asulam,,,,,,X,,,,,,,
Atrazine,,,,X,,X,,X,,X,,,
Avermectin B1,,,,,,X,,,,,,,
Avilamycin,,,,,,X,,,,,,,
Azaconazole,,,,,,X,,,,X,,,
Azamethiphos,,,,,,X,,,,X,,,
Azaperone,,,,,,X,,,,,,,
Azimsulfuron,,,,,,X,,,,,,,
Azinphos ethyl,,,,X,,,,X,,,,,
Azinphos methyl,X,X,,X,X,,,X,,,,,
Azinphos-ethyl,,,X,,,,,,,,,,
Azinphos-methyl,,,X,,,X,X,,X,X,X,,
Azocyclotin,,,,,,,X,,,,,,
Azoxystrobin,,X,X,X,X,X,,X,X,X,X,,
Bacitracin,,,,,,X,,,,,,,
Benalaxyl,X,X,X,X,X,X,X,X,X,X,X,,
Bendiocarb,,,,X,,X,,,,X,,,
Benfluralin,,,,,,X,,,,X,,,
Benodanil,,,,,,,,,,X,,,
Benomyl,,,,,X,X,,X,,,,,
Benoxacor,,,,,,,,,,X,,,
Bensulfuron-methyl,,,,,,X,,,,X,,,
Bensulide,,,,,,X,,,,X,,,
Bentazone,,,,,,X,,,,,,,
Benzalkonium chloride,,,,,,,,,,X,,,
Benzocaine,,,,,,X,,,,,,,
Benzofenap,,,,,,X,,,,,,,
Benzyl G penicillin,,,,,,X,,,,,,,
Benzyladenine,,,,,,X,,X,,,,,
Beta BHC,,,,X,,,,,,,,,
beta Cyfluthrin,,,,X,,,,,,,,,
beta Endosulphan,,,,X,,,,,,,,,
beta-Endosulfan,,,,,,,,,,X,X,,
beta-HCH,,,,,,,,,,X,X,,
Betacyfluthrin,,,,,,X,,,,,,,
BHC,,,,,,,,,X,,,,
BHC - alpha,,,,,X,,,,,,,,
BHC - beta,,,,,X,,,,,,,,
BHC - delta,,,,,X,,,,,,,,
BHC - gamma (Lindane),,,,,X,,,,,,,,
BHC - Total,,,X,X,,,,X,,,,,
BHC (alpha),,,X,,,,,,,,,,
BHC (beta),,,X,,,,,,,,,,
BHC (delta),,,X,,,,,,,,,,
BHC ά,,,,,,,,X,,,,,
BHC β,,,,,,,,X,,,,,
BHC δ,,,,,,,,X,,,,,
BHC-alpha,X,X,,,,,,,,,,,
BHC-beta,X,X,,,,,,,,,,,
BHC-delta,X,X,,,,,,,,,,,
BHC-gamma (Lindane),X,X,X,,,,,,,,,,
Bifenazate,,,,,X,X,,,,,,,
Bifenazate diazene,,,,,X,,,,,,,,
Bifenox,,,,,,,,,,X,,,
Bifenthrin,X,X,X,X,X,X,X,X,X,X,X,,
Bioresmethrin,X,X,X,X,X,X,X,X,X,X,X,,
Biteranol,,,,,X,,,,,,,,
Bitertanol,X,X,X,X,,X,X,X,X,X,X,X,
Bixafen,,,,,,X,,,,,,,
Boscalid,,X,X,X,X,X,X,X,X,X,X,,X
Brodifacoum,,,,,,X,,,,,,,
Bromacil,,,,,,X,,X,,X,,,
Bromobutide,,,,,,,,,,X,,,
Bromophos,,,,,,,,,,X,,,
Bromophos - ethyl,,,X,,,,,,,,,,
Bromophos ethyl,,,,X,,,,X,,,,,
Bromophos-ethyl,,,,,,,,,,X,X,X,
Bromopropylate,,,,,,,X,,,X,,,
Bromoxynil,,,,,,X,,,,,,,
Bupirimate,,,X,,,X,,,,X,X,,
Buprimate,,,,X,,,,,,,,,
Buprofezin,X,X,X,X,X,X,X,X,,X,X,,
Butachlor,,,,,,,,,,X,,,
Butafenacil,,,,,,X,,,,X,,,
Butamifos,,,,,,,,,,X,,,
Butroxydim,,,,,,X,,,,,,,
Cadusafos,,,,X,,X,X,,,X,,,
Cafenstrole,,,,,,,,,,X,,,
Captan,X,X,X,X,X,X,,X,X,X,X,,
Carbaryl,X,X,X,X,X,X,X,X,X,X,X,,
Carbendazim,,X,X,,X,X,X,X,X,X,X,,X
Carbendazim / Benomyl,,,,X,,,,,,,,,
Carbetamide,,,,,,,,,,X,,,
Carbofuran,,,,X,,X,X,,,X,,X,X
Carbon disulphide,,,,,,X,,,,,,,
Carbonyl sulphide,,,,,,X,,,,,,,
Carbophenothion,,,,,,,,X,,,,,
Carbosulfan,,,,,,X,,,,,,,
Carboxin,,,,,,X,,,,X,,,
Carfentrazone Ethyl,,,,,,,,X,,,,,
Carfentrazone-ethyl,,,,,,X,,,,X,,,
Carpropamid,,,,,,,,,,X,,,
Ceftiofur,,,,,,X,,,,,,,
Cefuroxime,,,,,,X,,,,,,,
Cephalonium,,,,,,X,,,,,,,
Cephapirin,,,,,,X,,,,,,,
Chinomethionat,,,,,,X,,,,,,,
Chlorantaniliprole,,,,,X,,,X,,,,,
Chlorantraniliprole,,X,X,X,,X,,,,X,,,
Chlorbufam,,,,,,,,,,X,,,
Chlordane,,,X,X,,,,X,,,,,X
Chlordane technical mixture,,,,,,,X,,,,,,
Chlordane-cis,,,,,,,X,,,,,,
Chlordane-trans,,,,,,,X,,,,,,
Chlorfenapyr,X,X,X,X,X,X,,X,,X,X,,
Chlorfenvinphos,,,,,,X,,X,X,X,,,
Chlorfluazuron,,,,,,X,,,,,,,
Chlorhexidine,,,,,,X,,,,,,,
Chloridazon,,,,,,X,,,,X,,,
Chlorimuron-ethyl,,,,,,,,,,X,,,
Chlormequat,,,,,,X,X,,,,,,
Chlorobenzilate,,,,,,,,,,X,,,
Chloropicrin,,,,X,,X,,,,,,,
Chlorothalonil,X,X,,X,X,X,X,X,X,X,X,,X
Chlorotoluron,,,,,,,,,,X,,,
Chloroxuron,,,,,,,,,,X,,,
Chlorpropham,,,,,,,X,,,X,,,X
Chlorpyrifos,X,X,X,X,X,X,,X,X,X,X,X,X
Chlorpyrifos methyl,X,X,X,X,X,,,X,,,,,
Chlorpyrifos-methyl,,,,,,X,,,X,X,X,,
Chlorsulfuron,,,,,,X,,,,X,,,
Chlortetracycline,,,,,,X,,,,,,,
Chlorthal - dimethyl,,,X,,,,,,,,,,
Chlorthal dimethyl,X,X,,X,X,,,X,,,,,
Chlorthal-dimethyl,,,,,,X,,,X,X,X,,
Chlorthiophos,,,,,,,,,,X,,,
Chlozolinate,,,,,,,,,,X,,,
Chromafenozide,,,,,,,,,,X,,,
Cinidon-ethyl,,,,,,,,,,X,,,
cis-Chlordane,,,,,,,,,,X,X,,
Clavulanic acid,,,,,,X,,,,,,,
Clethodim,,,,,,X,X,,,X,,,
Clodinafop acid,,,,,,X,,,,,,,
Clodinafop-propargyl,,,,,,X,,,,X,,,
Clofentezine,X,X,X,X,X,X,X,X,,X,X,,
Clomazone,,,,,,X,,,,X,,,
Clopyralid,,,,,,X,,,,,,,
Cloquintocet-mexyl,,,,,,X,,,,X,,,
Clorsulon,,,,,,X,,,,,,,
Closantel,,,,,,X,,,,,,,
Clothiandin,,,,X,,,,,,,,,
Clothianidin,,,,,,X,,X,,X,,,X
Cloxacillin,,,,,,X,,,,,,,
Coumaphos,,,,,,X,,X,,X,,X,
Coumaphosoxon,,,,,,,,,,X,,,
Coumatetralyl,,,,,,X,,,,,,,
Cyanamide,,,,,,X,,,,,,,
Cyanazine,,,,X,,X,,,,X,,,
Cyanophos,,,,,,,,,,X,,,
Cyantraniliprole,,,,,,X,,,,,,,
Cyazofamid,,,,,,X,,,,X,,,
Cyclanilide,,,,,,X,,,,X,,,
Cycloate,,,,,,,,,,X,,,
Cyclosulfamuron,,,,,,,,,,X,,,
Cycloxydim,,,,,,X,X,,,,,,
Cyflufenamid,,,,,,X,,,,X,,,
Cyfluthrin,X,X,X,X,X,X,X,X,X,X,X,,
Cyfluthrin β,,,,,,,,X,,,,,
Cyfluthrin-beta,X,X,X,,X,,,,,,,,
Cyhalofop-butyl,,,,,,X,,,,X,,,
Cyhalothrin,X,X,X,X,X,X,X,X,X,X,X,,
Cyhalothrin λ,,,,,,,,X,,,,,
Cyhalothrin-lambda,X,X,,,X,,,,,,,,
Cyhexatin,,,,,,,X,,,,,,
Cymoxanil,,,,,,,,,,X,,,
Cypermethrin,X,X,X,X,X,X,X,X,X,X,X,,X
Cypermethrin ά,,,,,,,,X,,,,,
Cypermethrin-alpha,X,X,X,,X,,,,,,,,
Cypraconazole,,,,,X,,,,,,,,
Cyproconazole,X,X,X,X,,X,,X,X,X,X,,
Cyprodinil,X,X,X,X,X,X,,X,X,X,X,,
Cyromazine,,,,,,X,X,,,X,,,
Daimuron,,,,,,,,,,X,,,
Dazomet,,,,X,,,,,,,,,
DDD - o.p.,,,,,,,,X,,,,,
"DDD (o,p)",,,,,,,,,,,,X,
"DDD (p,p)",X,X,X,X,X,,,X,,X,X,,
DDE - o.p.,,,,,,,,X,,,,,
"DDE (o,p)",,,,,,,,,,,,X,
"DDE (p,p)",X,X,X,X,X,,,X,,X,X,X,
DDT,,,,,,,,,X,,,,
"DDT - o,p'",,,X,,,,,,,,,,
DDT - o.p.,,,,,,,,X,,,,,
DDT - Total,,,,X,,,,X,,,,,
"DDT (p,p)",X,X,X,X,X,,,X,,X,X,,
Decoquinate,,,,,,X,,,,,,,
Delta BHC,,,,X,,,,,,,,,
delta-HCH,,,,,,,,,,X,X,,
Deltamethrin,,,X,X,X,X,X,X,X,X,X,,
Deltamethrin (cis & trans),X,X,,,,,,,,,,,
Demeton-s-methyl,,,X,X,,,,,,,,,
Demeton-S-methyl,,,,,,,,,,X,X,,
Demeton-S-Methyl,,,,,,,,X,,,,,
Demeton-S-methylsulfoxide,,,,,,,,,,X,,,
Derquantel,,,,,,X,,,,,,,
Desmedipham,,,,,,,,,,X,,,
Dexamethasone and Dexamethasone trimethylacetate,,,,,,X,,,,,,,
Diafenthiuron,,,,,,X,,,,,,,
Diallate,,,,,,,,,,X,,,
Diazinon,X,X,X,X,X,X,X,X,X,X,X,X,
Dicamba,,,,,,X,,,,,,,
Dichlobenil,,,,,,,,,,X,,,
Dichlofenthion,,,,,,,,,,X,,,
Dichlofluanid,,,X,X,,X,X,,,X,X,,
Dichloran,,,,,,,X,,,,,,
Dichlorprop,,,,X,,,,,,,,,
Dichlorprop-P,,,,,,X,,,,,,,
Dichlorvos,X,X,X,X,X,X,X,X,X,X,X,,
Diclobutrazol,,,,,,,,,,X,,,
Diclocymet,,,,,,,,,,X,,,
Diclofluanid,,,,,,,,X,,,,,
Diclofop-methyl,,,,X,,X,,,,X,,,
Dicloran,X,X,X,X,X,X,,X,X,X,X,,
Diclosulam,,,,,,,,,,X,,,
Dicofol,X,X,X,X,,X,X,X,X,X,X,X,
Dicrotophos,,,,,,,,,,X,,,
Dicyclanil,,,,,,X,,,,X,,,
Didecyldimethylammonium chloride,,,,,,X,,,,X,,,
Dieldrin,X,X,X,X,X,X,X,X,,X,X,X,
Diethofencarb,,,,,,,,,,X,,,
Difenoconazole,,,X,X,X,X,X,X,X,X,X,,
Difenoconazole (cis & trans),X,X,,,,,,,,,,,
Diflubenzuron,,,,,,X,X,,,X,,,
Diflufenican,,,,,,X,,,,X,,,
Dimepiperate,,,,,,,,,,X,,,
Dimethamid,,,,X,,,,,,,,,
Dimethenamid,,,,,,,,,,X,,,
Dimethenamid-P,,,,,,X,,,,,,,
Dimethipin,,,,,,X,,,,,,,
Dimethirimol,,,,,,X,,,,,,,
Dimethoate,X,X,X,X,X,X,X,X,X,X,X,,
Dimethomorph,,,X,X,X,X,X,X,X,X,X,,
Dimethomorph (-E&Z),X,X,,,,,,,,,,,
Dimethylvinphos,,,,,,,,,,X,,,
Dinitolmide,,,,,,X,,,,,,,
Dinitro-o-toluamide,,,,,,X,,,,,,,
Dinocap,,,,,,,X,,,,,,
Dinotefuran,,,,,,X,,,,,,,
Dioxabenzofos,,,,,,,,,,X,,,
Dioxathion,,,,,,,,X,,X,,,
Diphenamid,,,,,,,,,,X,,,
Diphenylamine,X,X,X,X,X,X,X,X,X,X,X,,
Diquat,,,,X,,X,,,,,,,
Diquat dibromide monohydrate,,,,,,,X,,,,,,
Disulfoton,,,,,,X,X,,X,X,,,X
Disulfuton,,,,X,,,,,,,,,
Disulphoton,,,,,,,,X,,,,,
Dithianon,,X,,X,,X,X,,,,,,
Dithianon ,,,,,X,,,,,,,,
Dithiocarbamate,,,,,,,,,,,,,X
Dithiocarbamates,,,,X,X,X,,,,,,,
Dithiopyr,,,,,,,,,,X,,,
Diuron,,X,X,X,X,X,,X,X,X,X,,
Dodine,,,,,,X,X,,,X,,,
Doramectin,,,,,,X,,,,,,,
EDC,,,,,,X,,,,,,,
Edifenphos,,,,,,,,,,X,,,
Emamectin,,,,,,X,,X,,,,,
Emamectinbenzoate,,,,,,,,,,X,,,
Endosulfan,,,,,,X,X,,X,,,,X
Endosulfan - beta,,,,,X,,,,,,,,
Endosulfan - Sulphate,,,,X,X,,,X,,,,,
Endosulfan - Total,,,,,X,,,X,,,,,
Endosulfan (alpha),,,X,,,,,,,,,,
Endosulfan (beta),,,X,,,,,,,,,,
Endosulfan alpha,,,,,X,,,,,,,,
Endosulfan sulfate,X,X,,,,,,,,X,X,,
Endosulfan sulphate,,,X,,,,,,,,,,
Endosulfan ά,,,,,,,,X,,,,,
Endosulfan β,,,,,,,,X,,,,,
Endosulfan-alpha,X,X,,,,,X,,,,,X,
Endosulfan-beta,X,X,,,,,X,,,,,X,
Endosulfan-Total,X,X,,,,,,,,,,,
Endosulphan - Total,,,,X,,,,,,,,,
Endosulphan Total,,,X,,,,,,,,,,
Endothal,,,,,,X,,,,,,,
Endrin,,,X,X,X,,X,X,X,X,X,X,
Endrin ketone,,,,,,,,,,X,X,,
Enilconazole,,,,,,X,,,,,,,
EPN,,,,,,,,,,X,,,
Epoxiconazole,,,,,,X,,X,,X,,,
Eprinomectin,,,,,,X,,,,,,,
EPTC,,,,,,X,,,,X,,,
Erythromycin,,,,,,X,,,,,,,
Esfenvalerate,X,X,X,X,X,X,,X,,,,,
Esprocarb,,,,,,,,,,X,,,
Ethalfluralin,,,,,,,,,,X,,,
Ethametsulfuron-methyl,,,,,,,,,,X,,,
Ethephon,,,,X,,X,X,,,,,,
Ethiofencarb,,,,,,,,,,X,,,
Ethion,,,,,,X,,X,,X,,,
Ethiprole,,,,,,,,,,X,,,
Ethofumesate,,,,,,X,,X,,X,,,
Ethopabate,,,,,,X,,,,,,,
Ethoprofos,,,,,,,,,X,,,,
Ethoprophos,,,,,,X,,,,X,,,
Ethoxyquin,,,,,,X,X,,,X,,X,
Ethoxysulfuron,,,,,,X,,,,X,,,
Ethychlozate,,,,,,,,,,X,,,
Ethyl formate,,,,,,X,,,,,,,
Ethylene dichloride (EDC),,,,,,X,,,,,,,
Etobenzanid,,,,,,,,,,X,,,
Etofenprox,,,,,,,X,,,,,,X
Etoxazole,,,,,,X,,X,,X,X,X,
Etoxazole*,,,,,X,,,,,,,,
Etridiazole,,,,,,X,,,,X,,,
Etrimfos,,,,,,,,,,X,,,
Famoxadone,,,,,,X,,,,X,,,
Famphur,,,,,,,,,,X,,,
Fenamidone,,,,,,,,,,X,,,
Fenamiphos,X,X,X,X,X,X,X,X,X,X,X,,
Fenarimol,X,X,X,X,X,X,X,X,X,X,X,,
Fenbendazole,,,,,,X,,,,,,,
Fenbuconazole,,,,,,X,X,,,X,,,
Fenbutatin oxide,,,,,,X,,,,,,,
Fenbutatin Oxide,,,,,,,X,,,,,,
Fenchlorphos,,,,,,,,X,,X,,,
Fenhexamid,,X,X,X,X,X,,X,X,X,X,,
Fenitrothion,X,X,X,X,X,X,,X,X,X,X,,
Fenobucarb,,,,,,,X,,,X,,,
Fenothiocarb,,,,,,,,,,X,,,
Fenoxanil,,,,,,,,,,X,,,
Fenoxaprop,,,,,,,,,,X,,,
Fenoxaprop-ethyl,,,,,,X,,,,X,,,
Fenoxycarb,X,X,X,X,X,X,,X,X,X,X,,
Fenpiclonil,,,,,,,,,,X,,,
Fenpropathrin,,,,,,X,X,,,X,,,
Fenpropidin,,,,,,,,,,X,,,
Fenpropimorph,,,,,,,,,,X,,,
Fenpyrazamine,,,,,,X,,X,,,,,
Fenpyroximate,,X,X,X,X,X,,X,X,X,X,,
Fensulfothion,,,,,,,,,,X,,,
Fenthion,X,X,X,X,X,X,X,X,X,X,X,X,
Fenthion ethyl,,,,,,,,,,X,,,
Fenthion oxon,,,,,X,,,,,,,,
Fenthion oxon sulfone,,,,,X,,,,,,,,
Fenthion oxon sulfoxide,,,,,X,,,,,,,,
Fenthion sulfone,X,X,,,X,,,,,X,X,,
Fenthion sulfoxide,X,X,,,X,,,,,X,X,,
Fenthion Total,X,X,,,,,,,,,,,
Fenthion-oxon,,,,,,,,,,X,X,,
Fenthion-oxon sulfone,,,,,,,,,,X,X,,
Fenthion-oxon sulfoxide,,,,,,,,,,X,X,,
Fentin,,,,,,X,,,,,,,
Fentrazamide,,,,,,,,,,X,,,
Fenvalarate,,,,,,,,X,,,,,
Fenvalerate,X,X,X,X,,X,X,,X,X,X,,
Fenvelarate,,,,,X,,,,,,,,
Ferimzone,,,,,,,,,,X,,,
Fipronil,X,X,X,X,X,X,X,X,X,X,X,,
Fipronil sulfide,,,,,,,,,,X,X,,
Fipronil sulfone,,,,,,,,,,X,X,,
Fipronil sulphenyl,,,,,X,,,,,,,,
Fipronil sulphone,,,,,X,,,,,,,,
Fipronil trifluoromethyl,,,,,X,,,,,,,,
Flamprop,,,,,,,,,,X,,,
Flamprop-M-methyl,,,,,,X,,,,,,,
Flamprop-methyl,,,,,,X,,,,X,,,
Flavophospholipol,,,,,,X,,,,,,,
Flazasulfuron,,,,,,,,,,X,,,
Flonicamid,,,,,,X,,,,,,,
Florasulam,,,,,,X,,,,,,,
Florfenicol,,,,,,X,,,,,,,
Fluacrypyrim,,,,,,,,,,X,,,
Fluazifop-p-butyl,,,,,,X,,,,,,,
Fluazifop-P-butyl,,,,,,,,,,X,,,
Fluazinam,,,,,,X,,,,X,,,
Fluazuron,,,,,,X,,,,,,,
Flubendamide,,X,,,,,,,,,,,
Flubendamide ,,,,,X,,,,,,,,
Flubendazole,,,,,,,,,,X,,,
Flubendiamide,,,X,X,,X,,X,,X,X,,
Flucythrinate,,,,,,X,,,,X,,,
Fludioxinil,X,X,,,,,,,,,,,
Fludioxonil,,,X,X,X,X,,X,X,X,X,,
Fluensulfone,,,,,,X,,,,,,,
Flufenacet,,,,,,,,,,X,,,
Flumethrin,,,,,,X,,,,,,,
Flumetsulam,,,,,,X,,,,,,,
Flumiclorac pentyl,,,,,,X,,,,,,,
Flumiclorac-pentyl,,,,,,,,,,X,,,
Flumioxazin,,,,,,X,,,,X,,,
Flunixin,,,,,,X,,,,,,,
Fluometuron,,,,X,,X,,,,X,,,
Fluopicolide,,,,,,X,,,,X,,,
Fluopyram,,,,,,X,,,,X,,,
Fluoxastrobin,,,,,,X,,,,,,,
Flupropanate,,,,,,X,,,,,,,
Flupyradifurone,,,,,,X,,,,,,,
Fluquinconazole,,,,,,X,,,,X,,,
Fluridone,,,,,,,,,,X,,,
Fluroxypyr,,,,,,X,,,,,,,
Flusilazole,X,X,X,X,X,X,X,X,X,X,X,,
Fluthiacet-methyl,,,,,,,,,,X,,,
Flutolanil,,,,,,X,X,,,X,,,
Flutriafol,,,,,,X,,,,X,,,
Fluvalinate,X,X,X,X,X,X,,X,,X,X,,
Fluvalinate-tau,,,,,X,,,,,,,,
Fluxapyroxad,,,,,,X,,,,,,,
Folpet,,,,,,X,,,,X,,,
Fonofos,,,,,,,,,,X,,,
Forchlorfenuron,,,,,,X,,,,X,,,
Formetanate hydrochloride,,,,,,,,,,X,,,
Formothion,,,,,,,,X,,,,,
Fosetyl,,,,,,X,,,,,,,
Fosetyl-aluminium,,,,,,X,,,,,,,
Fosthiazate,,,,,,,,,,X,,,
Fuberidazole,,,,,,,,,,X,,,
Furalaxyl,,,,,,,,,,X,,,
Furametpyr,,,,,,,,,,X,,,
Furathiocarb,,,,,,X,,,,X,,,
gamma-HCH,,,,,,,,,,X,X,,
Glufosinate,,,,X,,,,,,,,,
Glufosinate ammonium,,,,,,,X,,,,,,
Glufosinate and Glufosinate-ammonium,,,,,,X,,,,,,,
Glyphosate,,,,X,,X,,,,,,,
Guazatine,,,,,,X,,,,,,,
Halauxifen-methyl,,,,,,X,,,,,,,
Halofuginone,,,,,,X,,,,,,,
Halosulfuron-methyl,,,,,,X,,,,X,,,
Haloxyfop,,,,X,,X,X,,,,,,
Haloxyfop-etotyl,,,,,,,,,,X,,,
Haloxyfop-methyl,,,,,,,,,,X,,,
HCB,,,,X,X,,,X,,,,,
HCH-alpha,,,,,,,,,,,,X,
HCH-beta,,,,,,,,,,,,X,
HCH-delta,,,,,,,,,,,,X,
HCH-gamma (Lindane),,,,,,,X,,,,,X,
Heptachlor,,,X,X,X,,X,X,X,X,X,X,
Heptachlor endo-epoxide,,,,,,,,,,X,X,,
Heptachlor epoxide,,,X,X,,,,,,,,,
Heptachlor Epoxide,,,,,X,,,X,,,,,
Heptachlor exo-epoxide,,,,,,,,,,X,X,,
Heptenophos,,,,,,,,,,X,,,
Hexachlorobenzene,,,,,,,,,X,X,X,X,
Hexachlorobenzene (HCB),X,X,X,,,,,,,,,,
Hexaconazole,X,X,X,X,X,X,,X,X,X,X,,
Hexaflumuron,,,,,,,,,,X,,,
Hexazinone,,,,,,X,,,,X,,,
Hexythiazox,X,X,X,X,X,X,X,X,X,X,X,,
hlorpropham,,,,,,X,,,,,,,
Hydrogen phosphide,,,,,,X,,,,,,,
ichlobenil,,,,,,X,,,,,,,
Imazalil,X,X,X,X,X,X,X,X,X,X,X,,
Imazamethabenz-methyl,,,,,,,,,,X,,,
Imazamox,,,,,,X,,,,,,,
Imazapic,,,,,,X,,,,,,,
Imazapyr,,,,,,X,,,,,,,
Imazethapyr,,,,,,X,,,,,,,
Imazosulfuron,,,,,,,,,,X,,,
Imidacloprid,,X,X,X,X,X,X,X,,X,X,,X
Imidacloprid olefin,,,,,,,,,,X,X,,
Imidocarb (dipropionate salt),,,,,,X,,,,,,,
Inabenfide,,,,,,,,,,X,,,
Indanofan,,,,,,,,,,X,,,
Indoxacarb,,,X,X,X,X,,X,X,X,X,,
Inorganic bromide,,,,,,X,,,,,,,
Iodfenphos,,,,,,,,,,X,,,
Iodosulfuron methyl,,,,,,X,,,,,,,
Iodosulfuron-methyl,,,,,,,,,,X,,,
Ion Bromida,,,,,,,X,,,,,,
Ioxynil,,,,,,X,,,,,,,
Ipconazole,,,,,,X,,,,,,,
Iprobenfos,,,,,,,,,,X,,,
Iprodione,X,X,X,X,X,X,X,X,X,X,X,,
Iprovalicarb,,,,,,,,,,X,,,
Isazofos,,,,,,,,,,X,,,
Isoeugenol,,,,,,X,,,,,,,
Isofenphos,,,,,,,,,,X,,,
Isofenphos-methyl,,,,,,,,,,X,,,
Isoprocarb,,,,,,,X,,,X,,,
Isoprothiolane,,,,,,,,,,X,,,
Isoproturon,,,,,,,,,,X,,,
Isopyrazam,,,,,,,,,,X,,,
Isoxaben,,,,X,,X,,X,,,,,
Isoxaflutole,,,,,,X,,,,,,,
Isoxathion,,,,,,,,,,X,,,
Ivermectin,,,,,,X,,,,,,,X
Karbutilate,,,,,,,,,,X,,,
Keto-Endrin,,,,,X,,,,,,,,
Ketoprofen,,,,,,X,,,,,,,
Kitasamycin,,,,,,X,,,,,,,
Kresoxim - methyl,,,X,,,,,,,,,,
Kresoxim methyl,X,X,,X,X,,,X,,,,,
Kresoxim-methyl,,,,,,X,X,,X,X,X,,
Lactofen,,,,,,,,,,X,,,
lambda Cyhalothrin,,,,X,,,,,,,,,
Lambda-cyhalothrin,,,,,,X,,,,,,,
Lasalocid,,,,,,X,,,,,,,
Lenacil,,,,,,,,,,X,,,
Leptophos,,,,,,,,,,X,,,
Levamisole,,,,,,X,,,,,,,
Lincomycin,,,,,,X,,,,,,,
Lindane,,,,X,,X,,X,X,,,,
Linuron,X,X,X,X,X,X,,X,X,X,X,,
Lufenuron,,,,,,X,,,,X,,,
Maduramicin,,,,,,X,,,,,,,
Magnesium phosphide,,,,,,X,,,,,,,
Malathion,,,X,X,X,X,X,X,X,X,X,X,X
Malathion (Maldison),X,X,,,,,,,,,,,
Maldison,,,,,,X,,,,,,,
Maleic hydrazide,,,,,,X,X,,,,,,
Mancozeb,,,,,,X,,,,,,,
Mandestrobin,,,,,,X,,,,,,,
Mandipropamid,,,,,,X,,X,,X,,,
MCPA,,,,X,,X,,,,,,,
MCPB,,,,,,X,,,,,,,
Mebendazole,,,,,,X,,,,,,,
Mefenacet,,,,,,,,,,X,,,
Mefenpyr-diethyl,,,,,,X,,,,X,,,
Meloxicam,,,,,,X,,,,,,,
Mepanipyrim,,,,,,X,,,,X,,,
Mepiquat,,,,,,X,,,,,,,
Mepronil,,,,,,,,,,X,,,
Mesosulfuron-methyl,,,,,,X,,,,,,,
Mesotrione,,,,,,X,,,,X,,,
Metaflumizone,,,,,,X,,,,,,,
Metalaxyl,X,X,X,X,X,X,X,X,X,X,X,,
Metalaxyl-M,,,,,,X,,,,,,,
Metaldehyde,,,,X,,X,,,,,,,
Metamitron,,,,,,,,,,X,,,
Metconazole,,,,,,X,,,,X,,,
Methabenzthiazuron,,,X,X,,X,,X,,X,X,,
Methacrifos,,,X,X,,,,X,,X,X,,
Metham,,,,,,X,,,,,,,
Metham-sodium,,,,,,X,,,,,,,
Methamidophos,X,X,X,X,X,X,,X,X,X,X,,
Methidathion,X,X,X,X,X,X,X,X,X,X,X,,
Methiocarb,,,,X,,X,,X,,X,,,
Methiocarb sulfone,,,,,,,,,,X,,,
Methiocarb sulfoxide,,,,,,,X,,,X,,,
Methomyl,,X,X,X,X,X,X,X,X,X,X,,
Methomyl oxime,,X,X,,X,,,X,,,,,
Methomyl Oxime,,,,X,,,,,,,,,
Methomyl Total,,,,,,,,X,,,,,
Methoprene,,,,,,X,,,,,,,
Methoxychlor,,,,,,,,X,,X,,,
Methoxyfenozide,,,,,,X,,X,,X,,,
Methyl benzoquate,,,,,,X,,,,,,,
Methyl bromide,,,,,,X,,,,,,,
Methyl Bromide,,,,X,,,,,,,,,
Methyl isothiocyanate,,,,,,X,,,,,,,
Methyl Isothiocyanate,,,,X,,,,,,,,,
Metiram,,,,,,X,,,,,,,
Metobromuron,,,,,,,,,,X,,,
Metolachlor,,,,,,X,,X,,X,,,
Metosulam,,,,,,X,,,,X,,,
Metrafenone,,,,,,X,,X,,X,,,
Metribuzin,X,X,X,X,X,X,,X,,X,X,,
Metsulfuron-methyl,,,,,,X,,,,X,,,
Mevinphos,X,X,X,X,X,X,X,X,X,X,X,,
Milbemectin,,,,,,X,,,,,,,
Milbemycin A3,,,,,,,,,,X,,,
Milbemycin A4,,,,,,,,,,X,,,
Mirex,,,,,,,,,,X,,X,
Molinate,,,,,,X,,X,,X,,,
Monensin,,,,,,X,,,,,,,
Monepantel,,,,,,X,,,,,,,
Monocrotophos,X,X,X,X,X,,X,X,X,X,X,,
Monolinuron,,,,,,,,,,X,,,
Morantel,,,,,,X,,,,,,,
Moxidectin,,,,,,X,,,,,,,
MSMA,,,,,,X,,,,,,,
Myclobutanil,X,X,X,X,X,X,X,X,X,X,X,,
Naled,,,,,,X,,,,,,,
Naphthalene acetic acid,,,,,,X,,,,,,,
Naphthalophos,,,,,,X,,,,,,,
Napropamide,,,,,,X,,X,,X,,,
Narasin,,,,,,X,,,,,,,
Neomycin,,,,,,X,,,,,,,
Netobimin,,,,,,X,,,,,,,
Nicarbazin,,,,,,X,,,,,,,
Nicotine,,,,,,,,,,X,,,
Nitrofen,,,,,,,,,,X,,,
Nitrothal-isopropyl,,,,,,X,,,,X,,,
Nitroxynil,,,,,,X,,,,,,,
Nonachlor,,,,,,,,X,,,,,
Norflurazon,,,,,,X,,X,,X,,,
Norgestomet,,,,,,X,,,,,,,
Novaluron,,,,,,X,,X,,X,,,
Novobiocin,,,,,,X,,,,,,,
"o,p'-DDD",X,X,,,,,,,,,,,
"o,p'-DDE",X,X,,,,,,,,,,,
"o,p'-DDT",X,X,,,,,,,,,,,
o.p Dicofol,,,,,X,,,,,,,,
"o""-DDD",,,,,,,,,,X,X,,
"o""-DDE",,,,,,,,,,X,X,,
"o""-DDT",,,,,,,,,,X,X,,
Octhilinone,,,,,,,,,,X,,,
ODB,,,,,,X,,,,,,,
Olaquindox,,,,,,X,,,,,,,
Oleandomycin,,,,,,X,,,,,,,
Omethoate,X,X,X,X,X,X,,X,,X,X,,
OPP,,,,,,X,,,,,,,
Oryzalin,,,,,,X,,,,X,,,
Oxabetrinil,,,,,,X,,,,X,,,
Oxadiazon,,,,,,,,,,X,,,
Oxadixyl,,,,X,,X,,X,,X,,,
Oxamyl,,,,,,X,X,,,X,,,
Oxathiapiprolin,,,,,,X,,,,,,,
Oxfendazole,,,,,,X,,,,,,,
Oxycarboxin,,,,,,X,,X,,X,,,
Oxyclozanide,,,,,,X,,,,,,,
Oxydemeton-methyl,,,,,,X,,,,,,,
Oxyfluorfen,X,X,X,X,X,X,,X,X,X,X,X,
Oxytetracycline,,,,,,X,,,,,,,
Oxythioquinox,,,,,,X,,,,,,,
p.p Dicofol,,,,,X,,,,,,,,
Paclobutrazol,X,X,X,X,X,X,,X,X,X,X,,
Paraquat,,,,X,,X,,,,,,,
Parathion,,,,,,,,,,X,X,,
Parathion - ethyl,,,X,,,,,,,,,,
Parathion - methyl,,,X,,,,,,,,,,
Parathion ethyl,X,X,,X,X,,,X,,,,,
Parathion methyl,X,X,,X,X,,,X,,,,,
Parathion-ethyl,,,,,,,,,X,,,,
Parathion-methyl,,,,,,,X,,X,X,X,X,
Pebulate,,,,,,X,,,,,,,
Penconazole,X,X,X,X,X,X,X,X,X,X,X,,
Pencycuron,,,,,,X,,,,X,,,
Pendimethalin,X,X,X,X,X,X,,X,X,X,X,,
Penflufen,,,,,,X,,,,,,,
Pentachlorobenzene,,,,,,,,,,X,,,
Penthiopyrad,,,,,,X,,,,X,,,
Permethrin,,,X,X,X,X,X,X,X,X,X,,X
Permethrin (cis & trans),X,X,,,,,,,,,,,
Pesticides goc carbamates,,,,,,,,,,,,,X
Pesticides goc cuc,,,,,,,,,,,,,X
Phenmedipham,,,,,,X,,,,X,,,
Phenothrin,,,X,X,X,X,,X,X,,,,
Phenothrin (cis & trans),X,X,,,,,,,,,,,
Phenthoate,,,,,,,,,,X,,,
Phorate,X,X,X,X,X,X,,X,X,X,X,,
Phoratesulfone,,,,,,,,,,X,X,,
Phoratesulfoxide,,,,,,,,,,X,X,,
Phosalone,,,,,,,X,X,,X,,,
Phosmet,X,X,X,X,X,X,,X,X,X,X,,X
Phosphamidon,,,,,,,,X,,X,,,
Phosphine,,,,,,X,,,,,,,
Phosphorous acid,,,,,,X,,,,,,,
Phoxim,,,,,,,,,,X,,,
Picloram,,,,,,X,,,,,,,
Picolinafen,,,,,,X,,,,X,,,
Pinoxaden,,,,,,X,,,,,,,
Piperonyl butoxide,X,X,X,X,X,X,X,X,,X,X,,
Piperonyl-butoxide,,,,,,,,,X,,,,
Piperophos,,,,,,,,,,X,,,
Pirimicarb,X,X,X,X,X,X,,X,X,X,X,,
Pirimiphos methyl,X,X,X,X,X,,,X,,,,,
Pirimiphos-methyl,,,,,,X,,,X,X,X,,
Praziquantel,,,,,,X,,,,,,,
Pretilachlor,,,,,,,,,,X,,,
Procaine penicillin,,,,,,X,,,,,,,
Prochloraz,X,X,X,X,X,X,X,X,,X,X,,
Procymidone,X,X,X,X,X,X,X,X,X,X,X,,
Profenofos,X,X,X,X,X,X,X,X,X,X,X,,
Profoxydim,,,,,,X,,,,,,,
Prohexadione-calcium,,,,,,X,,,,,,,
Promecarb,,,,,,,,,,X,,,
Prometryn,,,,,,X,,,,X,,,
Propachlor,,,,X,,X,,X,,X,,,
Propamocarb,,,,,,X,X,X,,X,,,
Propanil,,,,,,X,,,,X,,,
Propaphos,,,,,,,,,,X,,,
Propaquizafop,,,,,,X,,,,X,,,
Propargite,X,X,X,X,X,X,X,X,X,X,X,,X
Propazine,,,,,,X,,,,X,,,
Propetamphos,,,,,,X,,,,X,,X,
Propham,,,,,,,,,,X,,,X
Propiconazole,X,X,X,X,X,X,,X,X,X,X,,X
Propineb,,,,,,X,,,,,,,
Propoxur,,,,,,X,,,,X,,,
Propylene oxide,,,,,,X,,,,,,,
Propyzamide,,,,,,X,,X,,X,,,
Proquinazid,,,,,,X,,,,X,,,
Prosulfocarb,,,X,X,,X,,,,X,,,
Prothioconazole,,,,,,X,,,,,,,
Prothiofos,X,X,X,X,X,X,,X,X,X,X,,
Pymetrozin,,,,,,,,,,X,X,,
Pymetrozine,,X,X,X,X,X,,X,X,,,,
Pyraclofos,,,,,,X,,,,X,,,
Pyraclostrobin,,X,X,X,X,X,,X,X,X,X,,X
Pyraflufen-ethyl,,,,,,X,,,,X,,,
Pyrasulfatole,,,,X,,,,,,,,,
Pyrasulfotole,,,X,,,X,,,,X,,,
Pyrazophos,,,,,,,,,,X,,,
Pyrethrins,,,,X,,X,X,X,X,X,X,,
Pyrethrins ,,,,,X,,,,,,,,
Pyrethrins (sum of positives),X,X,,,,,,,,,,,
Pyributicarb,,,,,,,,,,X,,,
Pyridaben,,,,X,,X,,,,X,,,
Pyridaphenthion,,,,,,,,,,X,,,
Pyridate,,,,,,X,,,,,,,
Pyrifenox,,,,,,,,,,X,,,
Pyriftalid,,,,,,,,,,X,,,
Pyrimenthanil,,,,,X,,,,,,,,
Pyrimethanil,X,X,X,X,,X,X,X,X,X,X,,
Pyrimidifen,,,,,,,,,,X,,,
Pyriproxifen,,,X,X,,,,,,,,,
Pyriproxyfen,,,,,X,X,X,X,X,X,X,,
Pyrithiobac sodium,,,,,,X,,,,,,,
Pyroquilon,,,,,,,,,,X,,,
Pyroxasulfone,,,,,,X,,,,,,,
Pyroxsulam,,,,,,X,,,,X,,,
Quiazlofop,,,,X,,,,,,,,,
Quinalphos,,,,,,,,,,X,,X,
Quinclorac,,,,,,X,,,,,,,
Quinoclamine,,,,,,,,,,X,,,
Quinoxyfen,,,,,,X,X,,,X,,,
Quintozene,X,X,X,X,X,X,X,X,X,X,X,,
Quizalofop-ethyl,,,,,,X,,,,X,,,
Quizalofop-p-tefuryl,,,,,,X,,,,,,,
Ractopamine,,,,,,X,,,,,,,
Rimosulfuron,,,,,,X,,,,,,,
Rimsulfuron,,,,,,,,,,X,,,
Robenidine,,,,,,X,,,,,,,
Rotenone,,,,X,,,,,,,,,
Saflufenacil,,,,,,X,,,,X,,,
Salinomycin,,,,,,X,,,,,,,
Sebuthylazine,,,,,,,,,,X,,,
Sedaxane,,,,,,X,,,,,,,
Semduramicin,,,,,,X,,,,,,,
Sethoxydim,,,,,,X,,,,X,,,
Silafluofen,,,,,,,,,,,,,X
Simazine,,,X,X,,X,,X,,X,X,,
Simeconazole,,,,,,,,,,X,,,
Simetryn,,,,,,,,,,X,,,
Spectinomycin,,,,,,X,,,,,,,
Spinetoram,,X,X,X,,X,,X,,X,X,,
Spinetoram-A,,,,,X,,,,,,,,
Spinetoram-B,,,,,X,,,,,,,,
Spinosad,,X,X,X,,X,,X,X,X,X,,
Spinosad-A,,,,,X,,,,,,,,
Spinosad-B,,,,,X,,,,,,,,
Spirodiclofen,,,,,,X,,,,,,,
Spiromesifen,,,,,,X,,,,X,,,
Spiromesifen enol,,,,,,,,,,X,,,
Spirotetramat,,X,X,X,X,X,,X,X,X,X,,
Spirotetramat enol,,,,,,,,,,X,X,,
Spirotetramat enol-glucoside,,,,,,,,,,X,X,,
Spirotetramat-keto-hydroxy,,,,,,,,,,X,X,,
Spirotetramat-mono-hydroxy,,,,,,,,,,X,X,,
Spiroxamine,,,,,,X,,,,X,,,
Streptomycin and Dihydrostreptomycin,,,,,,X,,,,,,,
Sulfentrazone,,,,,,,,,,X,,,
Sulfosulfuron,,,,,,X,,,,,,,
Sulfoxaflor,,,,,,X,,,,,,,
Sulfuryl fluoride,,,,,,X,,,,,,,
Sulphadiazine,,,,,,X,,,,,,,
Sulphadimidine,,,,,,X,,,,,,,
Sulphadoxine,,,,,,X,,,,,,,
Sulphaquinoxaline,,,,,,X,,,,,,,
Sulphatroxozole,,,,,,X,,,,,,,
Sulphur dioxide,,,,,,X,,,,,,,
Sulprofos,,,,,,X,,,,X,,,
tau - Fluvalinate,,,,X,,,,,,,,,
tau Fluvalinate,,,X,,,,,,,,,,
tau-Fluvalinate,X,X,,,,,,X,,,,,
Tau-fluvalinate,,,,,,,,,X,,,,
Tebuconazole,X,X,X,X,X,X,X,X,X,X,X,X,X
Tebufenozide,,X,X,X,X,X,X,X,X,X,X,,
Tebufenpyrad,X,X,X,X,X,X,,X,X,X,X,,
Tebuthiuron,,,,,,X,,,,X,,,
Tecnazene,,,,,,,X,,,X,,,
Teflubenzuron,,,,,,,X,,,X,,,
Tefluthrin,,,,,,,,,,X,,,
Temephos,,,,,,X,,X,,X,,,
Tepraloxydim,,,,,,X,,,,X,,,
Terbacil,,,,,,X,,,,X,,,
Terbufos,X,X,X,X,X,X,,X,X,X,X,,X
Terbumeton,,,,,,,,,,X,,,
Terbuthylazine,,,,,,X,,,,X,,,
Terbutryn,,,,,,X,,,,X,,,
Tetrachlorvinphos,,,,,,X,,,,X,,,
Tetraconazole,,,,X,,X,,,,X,,,
Tetracycline,,,,,,X,,,,,,,
Tetradifon,X,X,X,X,X,X,,X,X,X,X,,
Tetrahydrophthalimide,,,,,,,,,,X,,,
Thenylchlor,,,,,,,,,,X,,,
Thiabendazole,,X,X,X,X,X,X,X,X,X,X,,
Thiacloprid,,X,X,X,X,X,X,X,X,X,X,,
Thiamethoxam,,X,X,X,X,X,,X,X,X,X,,X
Thiazopyr,,,,,,,,,,X,,,
Thidiazuron,,,,,,X,,,,X,,,
Thifensulfuron,,,,,,X,,,,,,,
Thiobencarb,,,,,,X,,,,X,,,
Thiocyclam hydrogen oxalate,,,,,,,,,,X,,,
Thiodicarb,,,,X,,X,,,,,,,
Thiometon,,,,,,X,,,,X,,,
Thiophanate,,,,,,X,,,,,,,X
Thiophanate-methyl,,,,,,X,,,,,,,
Thiram,,,,,,X,,,,,,,
Tiadinil,,,,,,,,,,X,,,
Tiamulin,,,,,,X,,,,,,,
Tilmicosin,,,,,,X,,,,,,,
Tolclofos methyl,X,X,,,X,,,,,,,,
Tolclofos-methyl,,,,,,X,X,,,X,X,,
Tolclophos methyl,,,X,X,,,,,,,,,
Tolcophos methyl,,,,,,,,X,,,,,
Tolfenamic acid,,,,,,X,,,,,,,
Toltrazuril,,,,,,X,,,,,,,
Tolylfluanid,,,,,,X,X,X,,X,,,
Total BHC,X,X,,,,,,,,,,,
Total DDT Analogs,X,X,,,,,,,,,,,
Tralkoxydim,,,,,,X,,,,X,,,
Tralomethrin,,,,,,,,,,,,,X
trans-Chlordane,,,,,,,,,,X,X,,
Transfluthrin,,,,,,,,,,X,,,
Trenbolone acetate,,,,,,X,,,,,,,
Tri-allate,,,,,,,,,,X,,,
Triadimefon,X,X,X,X,X,X,,X,,X,X,,X
Triadimefon Total,,,,,,,,,X,,,,
Triadimenol,X,X,X,X,X,X,,X,X,X,X,,X
Triallate,,,,,,X,,,,,,,
Triasulfuron,,,,,,X,,,,X,,,
Triazophos,,,,,,,X,X,,X,,,
Tribenuron-methyl,,,,,,X,,,,X,,,
Tribufos,,,,,,,,,,X,,,
Trichlorfon,X,X,X,X,X,X,,X,X,X,X,,
Trichloroethylene,,,,,,X,,,,,,,
Triclabendazole,,,,,,X,,,,,,,
Triclopyr,,,,,,X,,,,,,,
Tricyclazole,,,,,,,,,,X,,,
Tridemorph,,,,,,X,,,,,,,
Trifloxystrobin,,X,X,X,X,X,,X,X,X,X,,
Trifloxysulfuron sodium,,,,,,X,,,,,,,
Trifloxysulfuron-sodium,,,,,,,,,,X,,,
Triflumizole,,,,,,X,,,,X,,,
Triflumuron,,,,,,X,,,,X,,,
Trifluralin,,,,,,X,,X,,X,,X,
Triflusulfuron-methyl,,,,,,,,,,X,,,
Triforine,,,,,,X,X,,,X,,,
Trimethoprim,,,,,,X,,,,,,,
Trinexapac-ethyl,,,,,,X,,,,,,,
Triticonazole,,,,,,X,,,,X,,,
Tulathromycin,,,,,,X,,,,,,,
Tylosin,,,,,,X,,,,,,,
Uniconazole-p,,,,,,X,,,,,,,
Uniconazole-P,,,,,,,,,,X,,,
Vamidothion,,,X,X,,,,X,,X,X,,
Vinclozolin,X,X,X,X,X,,X,X,X,X,X,,
Virginiamycin,,,,,,X,,,,,,,
Warfarin,,,,,,X,,,,,,,
XMC,,,,,,,,,,X,,,
Zeranol,,,,,,X,,,,,,,
Zeta cypermethrin,,,,X,,,,,,,,,
Zetacypermethrin,,,,,,X,,,,,,,
Zoxamide,,,,,,,X,,,X,,,
